Model,Accuracy,Precision,Recall,F1,ROC AUC,PR AUC
Logistic Regression,0.6763853534364598,0.21950444726810672,0.6990389479008599,0.3340988758612353,0.753178399553392,0.31054155518763255
Random Forest,0.8846876835715685,0.71,0.011970999831394368,0.023545017410048084,0.744395812557617,0.3041905377415047
Extra Trees,0.8840023497160759,0.574468085106383,0.004552352048558422,0.009033121445299431,0.7305448855222896,0.28047770118349796
Gradient Boosting,0.8861758370863521,0.6260683760683761,0.049401450008430284,0.09157680887638693,0.7580078402160226,0.3291695187433482
